Generated by http://opendatacommunities.org,2025-02-16T23:42:24+00:00
http://opendatacommunities.org/data/homelessness/homelessness-decisions/decisions,"Homelessness Decisions , England, District"
DCLG Homelessness Decsion Type Concept Scheme,All
Measure (cell values): ,Homelessness-Decisions

,,http://reference.data.gov.uk/id/quarter/2011-Q2,http://reference.data.gov.uk/id/quarter/2011-Q3,http://reference.data.gov.uk/id/quarter/2011-Q4,http://reference.data.gov.uk/id/quarter/2012-Q1,http://reference.data.gov.uk/id/quarter/2012-Q2,http://reference.data.gov.uk/id/quarter/2012-Q3,http://reference.data.gov.uk/id/quarter/2012-Q4,http://reference.data.gov.uk/id/quarter/2013-Q1,http://reference.data.gov.uk/id/quarter/2013-Q2,http://reference.data.gov.uk/id/quarter/2013-Q3,http://reference.data.gov.uk/id/quarter/2013-Q4,http://reference.data.gov.uk/id/quarter/2014-Q1,http://reference.data.gov.uk/id/quarter/2014-Q2,http://reference.data.gov.uk/id/quarter/2014-Q3,http://reference.data.gov.uk/id/quarter/2014-Q4,http://reference.data.gov.uk/id/quarter/2015-Q1,http://reference.data.gov.uk/id/quarter/2015-Q2,http://reference.data.gov.uk/id/quarter/2015-Q3,http://reference.data.gov.uk/id/quarter/2015-Q4,http://reference.data.gov.uk/id/quarter/2016-Q1,http://reference.data.gov.uk/id/quarter/2016-Q2,http://reference.data.gov.uk/id/quarter/2016-Q3,http://reference.data.gov.uk/id/quarter/2016-Q4,http://reference.data.gov.uk/id/quarter/2017-Q1,http://reference.data.gov.uk/id/quarter/2017-Q2,http://reference.data.gov.uk/id/quarter/2017-Q3,http://reference.data.gov.uk/id/quarter/2017-Q4,http://reference.data.gov.uk/id/quarter/2018-Q1
http://opendatacommunities.org/def/ontology/geography/refArea,Reference area,2011 Q2,2011 Q3,2011 Q4,2012 Q1,2012 Q2,2012 Q3,2012 Q4,2013 Q1,2013 Q2,2013 Q3,2013 Q4,2014 Q1,2014 Q2,2014 Q3,2014 Q4,2015 Q1,2015 Q2,2015 Q3,2015 Q4,2016 Q1,2016 Q2,2016 Q3,2016 Q4,2017 Q1,2017 Q2,2017 Q3,2017 Q4,2018 Q1
http://opendatacommunities.org/id/geography/administration/ctry/E92000001,England,25980,27390,27470,27880,26780,29140,29070,28520,28230,28100,28070,27200,27550,28510,28640,27640,27440,28960,29280,29090,29760,29390,27960,28490,27480,29350,26880,25690
http://opendatacommunities.org/id/geography/administration/ua/E06000022,Bath and North East Somerset,33,37,41,41,32,33,43,32,36,36,28,21,18,24,24,17,26,30,23,27,33,28,35,22,34,31,29,27
http://opendatacommunities.org/id/geography/administration/ua/E06000055,Bedford,62,81,79,113,82,81,90,99,83,93,65,43,75,109,96,82,132,125,132,131,113,129,94,97,101,84,115,79
http://opendatacommunities.org/id/geography/administration/ua/E06000008,Blackburn with Darwen,11,23,36,39,22,23,18,29,20,34,51,52,63,47,33,32,33,28,49,63,24,70,47,44,40,29,37,35
http://opendatacommunities.org/id/geography/administration/ua/E06000009,Blackpool,196,107,47,85,59,49,75,101,153,192,160,189,141,167,142,234,242,288,204,226,242,240,193,224,211,209,194,178
http://opendatacommunities.org/id/geography/administration/ua/E06000028,Bournemouth,27,32,55,39,31,61,42,22,36,78,54,99,90,128,83,119,110,121,105,131,111,156,205,109,166,136,123,104
http://opendatacommunities.org/id/geography/administration/ua/E06000036,Bracknell Forest,16,20,35,33,32,20,22,19,38,43,43,39,35,53,34,47,52,51,51,45,40,24,31,37,24,30,28,38
http://opendatacommunities.org/id/geography/administration/ua/E06000043,Brighton and Hove,172,210,297,280,196,308,315,260,205,290,365,436,295,303,300,327,239,230,343,242,258,214,216,210,229,194,213,209
http://opendatacommunities.org/id/geography/administration/ua/E06000023,"Bristol, City of",78,87,92,88,82,99,102,102,108,137,159,181,183,269,249,382,352,373,300,298,289,324,290,288,282,239,157,167
http://opendatacommunities.org/id/geography/administration/ua/E06000056,Central Bedfordshire,65,50,57,52,59,63,62,46,35,45,48,55,49,58,91,57,46,58,60,73,77,60,51,72,58,73,51,66
http://opendatacommunities.org/id/geography/administration/ua/E06000049,Cheshire East,35,42,52,33,40,40,41,39,33,48,31,48,44,43,45,46,43,87,94,115,94,127,120,126,93,137,127,160
http://opendatacommunities.org/id/geography/administration/ua/E06000050,Cheshire West and Chester,81,64,58,73,84,63,53,59,50,46,45,59,81,83,89,67,70,75,59,51,58,49,66,119,67,94,85,98
http://opendatacommunities.org/id/geography/administration/ua/E06000052,Cornwall,266,277,294,258,225,243,244,178,102,165,226,203,232,226,176,224,208,213,201,176,218,177,233,175,162,264,229,187
http://opendatacommunities.org/id/geography/administration/ua/E06000047,County Durham,232,221,191,206,186,237,209,178,102,111,85,85,104,84,57,65,49,44,48,42,74,71,62,54,75,65,52,60
http://opendatacommunities.org/id/geography/administration/ua/E06000005,Darlington,11,12,6,8,10,18,6,16,15,13,14,10,8,10,20,13,18,9,17,6,10,10,14,13,20,19,6,5
http://opendatacommunities.org/id/geography/administration/ua/E06000015,Derby,83,69,56,53,48,78,68,76,186,190,218,204,174,149,162,115,147,143,143,288,288,271,271,261,271,246,239,224
http://opendatacommunities.org/id/geography/administration/ua/E06000011,East Riding of Yorkshire,319,292,234,270,227,239,200,177,195,200,170,142,191,162,136,151,164,179,150,139,169,104,143,153,174,146,131,132
http://opendatacommunities.org/id/geography/administration/ua/E06000006,Halton,27,48,55,22,30,21,59,56,47,32,52,61,68,47,57,71,61,47,32,33,53,66,97,115,104,85,84,116
http://opendatacommunities.org/id/geography/administration/ua/E06000001,Hartlepool,5,8,6,8,"",6,6,"",8,21,10,16,11,9,18,18,16,28,37,47,25,24,23,36,16,61,49,61
http://opendatacommunities.org/id/geography/administration/ua/E06000019,"Herefordshire, County of",96,105,112,96,97,98,72,105,89,83,96,69,75,33,48,64,31,35,25,23,15,26,20,18,29,26,22,29
http://opendatacommunities.org/id/geography/administration/ua/E06000046,Isle of Wight,37,47,24,47,33,47,47,34,48,173,146,151,122,115,113,113,98,112,92,107,71,85,77,109,91,93,77,64
http://opendatacommunities.org/id/geography/administration/ua/E06000010,"Kingston upon Hull, City of",222,195,150,222,210,252,217,231,174,213,133,120,163,164,136,135,104,166,147,183,174,155,143,153,188,173,132,151
http://opendatacommunities.org/id/geography/administration/ua/E06000016,Leicester,141,126,165,230,190,118,101,111,75,106,85,80,64,90,77,84,83,72,67,76,77,61,50,38,40,44,37,34
http://opendatacommunities.org/id/geography/administration/ua/E06000032,Luton,195,219,250,169,253,211,226,389,355,284,330,229,179,175,257,177,168,258,246,227,330,341,335,298,227,248,404,317
http://opendatacommunities.org/id/geography/administration/ua/E06000035,Medway,59,124,114,107,133,132,144,131,159,194,272,198,319,350,381,302,313,298,231,249,167,215,149,133,122,178,192,112
http://opendatacommunities.org/id/geography/administration/ua/E06000002,Middlesbrough,53,40,42,30,36,31,49,32,42,51,26,43,50,51,22,16,17,19,25,26,24,25,21,22,26,13,29,19
http://opendatacommunities.org/id/geography/administration/ua/E06000042,Milton Keynes,106,110,119,97,112,130,154,140,174,164,156,140,186,204,193,190,193,213,218,235,278,253,194,252,193,365,341,214
http://opendatacommunities.org/id/geography/administration/ua/E06000012,North East Lincolnshire,54,65,42,53,59,69,39,81,38,56,112,101,69,109,111,111,86,96,69,100,75,62,95,129,126,116,84,104
http://opendatacommunities.org/id/geography/administration/ua/E06000013,North Lincolnshire,23,42,17,25,21,22,14,15,12,7,10,34,46,23,26,29,13,19,15,14,36,29,25,33,22,34,22,36
http://opendatacommunities.org/id/geography/administration/ua/E06000024,North Somerset,60,52,93,61,65,57,56,53,66,65,71,64,55,76,61,79,62,85,70,59,63,93,62,78,65,75,66,85
http://opendatacommunities.org/id/geography/administration/ua/E06000057,Northumberland,91,98,185,166,183,119,172,119,99,110,87,94,81,83,80,87,88,101,93,77,107,109,87,64,77,63,59,66
http://opendatacommunities.org/id/geography/administration/ua/E06000018,Nottingham,187,226,183,194,208,151,141,118,154,158,122,135,173,168,146,173,164,162,163,176,197,223,227,255,271,260,230,276
http://opendatacommunities.org/id/geography/administration/ua/E06000031,Peterborough,184,248,221,232,246,222,239,246,204,188,230,206,284,223,230,244,236,311,261,231,251,283,353,311,344,278,209,250
http://opendatacommunities.org/id/geography/administration/ua/E06000026,Plymouth,97,110,115,114,127,134,153,142,139,131,134,122,124,179,151,129,163,155,151,137,179,173,166,170,173,169,151,179
http://opendatacommunities.org/id/geography/administration/ua/E06000029,Poole,55,65,56,46,48,58,70,64,54,47,45,51,56,64,53,67,63,74,78,67,57,51,59,51,62,64,84,69
http://opendatacommunities.org/id/geography/administration/ua/E06000044,Portsmouth,161,166,156,194,176,184,166,162,153,170,136,142,135,162,153,156,150,182,180,178,187,167,191,157,180,205,148,119
http://opendatacommunities.org/id/geography/administration/ua/E06000038,Reading,31,56,74,120,135,126,188,117,172,173,164,198,272,167,153,145,164,123,142,112,167,180,150,129,108,108,82,67
http://opendatacommunities.org/id/geography/administration/ua/E06000003,Redcar and Cleveland,11,10,20,13,13,19,15,23,18,25,11,20,6,6,9,6,14,15,18,13,23,14,10,15,13,21,18,9
http://opendatacommunities.org/id/geography/administration/ua/E06000017,Rutland,9,15,20,19,17,"",5,6,13,14,14,"",8,12,18,10,14,12,20,20,13,12,13,20,19,18,10,17
http://opendatacommunities.org/id/geography/administration/ua/E06000051,Shropshire,270,243,201,211,215,213,178,161,149,168,189,196,242,286,267,238,245,250,228,248,230,245,185,220,260,233,207,254
http://opendatacommunities.org/id/geography/administration/ua/E06000039,Slough,91,100,84,110,107,119,138,135,88,128,93,77,96,99,126,119,87,113,121,92,116,122,104,108,86,119,112,134
http://opendatacommunities.org/id/geography/administration/ua/E06000025,South Gloucestershire,54,53,74,63,59,46,53,80,60,69,69,53,61,74,78,77,66,76,65,79,74,111,68,60,67,57,69,67
http://opendatacommunities.org/id/geography/administration/ua/E06000045,Southampton,73,60,40,69,57,72,55,66,50,63,43,39,48,61,71,45,34,64,37,50,81,77,87,73,105,55,65,73
http://opendatacommunities.org/id/geography/administration/ua/E06000033,Southend-on-Sea,34,49,47,33,55,46,66,6,45,15,50,37,41,36,39,40,53,49,57,57,57,50,51,58,64,59,86,74
http://opendatacommunities.org/id/geography/administration/ua/E06000004,Stockton-on-Tees,80,66,58,66,51,24,66,38,13,24,16,21,16,11,10,15,9,"",36,11,15,18,21,30,17,17,16,6
http://opendatacommunities.org/id/geography/administration/ua/E06000021,Stoke-on-Trent,110,116,75,104,103,100,61,125,132,136,168,194,193,209,134,125,139,134,112,107,116,130,142,181,181,165,129,158
http://opendatacommunities.org/id/geography/administration/ua/E06000030,Swindon,60,84,84,80,69,88,59,65,64,50,65,46,67,77,101,101,128,173,132,126,158,130,115,142,94,100,66,64
http://opendatacommunities.org/id/geography/administration/ua/E06000020,Telford and Wrekin,16,43,44,84,44,63,67,70,56,46,55,42,35,16,36,25,33,41,44,40,38,40,38,27,36,28,31,23
http://opendatacommunities.org/id/geography/administration/ua/E06000034,Thurrock,95,86,82,88,22,43,50,39,71,54,61,58,82,65,71,108,136,122,84,116,109,120,82,124,108,102,74,41
http://opendatacommunities.org/id/geography/administration/ua/E06000027,Torbay,36,58,71,71,78,91,80,102,95,103,105,104,167,105,132,83,132,144,139,139,197,148,138,203,140,181,153,129
http://opendatacommunities.org/id/geography/administration/ua/E06000007,Warrington,46,34,34,41,31,26,35,31,51,51,70,86,64,58,26,32,28,26,82,24,42,85,115,109,98,96,127,88
http://opendatacommunities.org/id/geography/administration/ua/E06000037,West Berkshire,28,51,49,40,42,46,21,19,28,47,44,42,47,45,57,38,50,45,42,37,39,31,36,32,35,19,23,14
http://opendatacommunities.org/id/geography/administration/ua/E06000054,Wiltshire,101,117,115,98,97,70,91,99,113,106,115,141,161,143,124,114,99,101,92,94,91,89,82,92,95,99,91,71
http://opendatacommunities.org/id/geography/administration/ua/E06000040,Windsor and Maidenhead,18,15,18,14,16,17,16,31,21,25,23,6,7,7,7,10,5,8,9,9,9,5,5,5,5,5,23,21
http://opendatacommunities.org/id/geography/administration/ua/E06000041,Wokingham,20,15,10,18,21,15,11,20,26,15,16,22,38,27,21,35,48,57,38,40,50,44,38,56,40,28,41,39
http://opendatacommunities.org/id/geography/administration/ua/E06000014,York,54,70,47,44,62,42,69,45,42,57,49,31,37,44,48,59,38,36,42,47,51,44,54,37,44,46,33,42
http://opendatacommunities.org/id/geography/administration/nmd/E07000223,Adur,19,23,21,17,15,20,13,6,11,7,9,"","","",5,11,7,6,10,9,20,29,17,14,14,14,24,15
http://opendatacommunities.org/id/geography/administration/nmd/E07000026,Allerdale,62,57,56,45,27,41,34,27,42,28,14,23,25,25,20,28,24,41,25,30,24,19,19,23,28,22,21,35
http://opendatacommunities.org/id/geography/administration/nmd/E07000032,Amber Valley,50,39,69,58,64,78,58,42,59,43,51,74,118,114,104,114,103,94,76,79,97,54,90,74,55,45,71,69
http://opendatacommunities.org/id/geography/administration/nmd/E07000224,Arun,54,60,52,54,45,74,101,63,72,61,53,38,103,115,119,160,210,211,203,158,211,182,193,185,174,200,170,194
http://opendatacommunities.org/id/geography/administration/nmd/E07000170,Ashfield,9,"","",14,8,9,10,20,22,41,38,32,28,41,31,47,34,36,31,37,35,41,42,45,41,39,38,45
http://opendatacommunities.org/id/geography/administration/nmd/E07000105,Ashford,68,78,66,62,79,80,64,69,50,84,100,84,51,60,76,60,38,60,76,50,49,53,52,54,58,81,50,52
http://opendatacommunities.org/id/geography/administration/nmd/E07000004,Aylesbury Vale,46,80,70,60,62,64,43,73,60,70,69,56,66,52,70,62,72,70,64,92,65,53,76,47,54,49,49,58
http://opendatacommunities.org/id/geography/administration/nmd/E07000200,Babergh,25,26,34,23,25,39,29,36,30,37,32,35,36,33,36,40,40,47,41,42,34,30,39,30,17,31,20,38
http://opendatacommunities.org/id/geography/administration/lonb/E09000002,Barking and Dagenham,100,52,83,150,226,214,331,348,460,437,430,363,409,470,442,412,392,478,428,279,307,360,243,224,269,324,280,153
http://opendatacommunities.org/id/geography/administration/lonb/E09000003,Barnet,168,167,225,210,240,236,294,271,194,240,385,226,252,286,222,250,172,161,132,232,277,227,235,195,201,169,213,176
http://opendatacommunities.org/id/geography/administration/md/E08000016,Barnsley,68,67,77,84,69,62,61,51,52,60,67,63,59,59,107,112,56,29,40,44,29,26,27,36,48,24,31,21
http://opendatacommunities.org/id/geography/administration/nmd/E07000027,Barrow-in-Furness,33,30,20,43,23,32,31,30,20,25,18,25,20,16,22,17,12,14,16,18,17,11,16,19,12,12,9,14
http://opendatacommunities.org/id/geography/administration/nmd/E07000066,Basildon,78,57,87,107,90,116,77,104,93,90,98,118,129,116,145,103,71,83,59,65,80,84,63,54,79,75,73,72
http://opendatacommunities.org/id/geography/administration/nmd/E07000084,Basingstoke and Deane,5,"",5,5,5,10,18,22,17,22,17,22,39,41,47,40,49,44,37,51,52,49,53,72,55,60,57,37
http://opendatacommunities.org/id/geography/administration/nmd/E07000171,Bassetlaw,41,59,71,51,78,87,68,76,35,70,31,36,49,72,73,81,78,52,53,54,46,55,43,47,48,41,20,43
http://opendatacommunities.org/id/geography/administration/lonb/E09000004,Bexley,247,281,208,186,154,134,161,148,135,136,146,166,221,218,142,163,145,181,209,171,173,167,177,196,171,187,194,179
http://opendatacommunities.org/id/geography/administration/md/E08000025,Birmingham,1910,1900,1598,1470,1710,1750,1567,1469,1449,1319,1534,1190,1314,1365,1218,1158,1176,1369,1493,1310,1466,1412,1355,1240,1341,1342,1298,1167
http://opendatacommunities.org/id/geography/administration/nmd/E07000129,Blaby,"","","","","","","","",5,"","","","",11,"","","","",6,6,"","","",17,10,18,8,13
http://opendatacommunities.org/id/geography/administration/nmd/E07000033,Bolsover,18,13,18,11,11,12,12,19,6,12,10,10,13,11,13,12,12,19,7,14,8,9,7,13,14,6,10,8
http://opendatacommunities.org/id/geography/administration/md/E08000001,Bolton,137,164,144,170,126,187,127,130,137,146,125,155,144,134,122,155,147,153,99,131,121,116,109,141,128,132,107,153
http://opendatacommunities.org/id/geography/administration/nmd/E07000136,Boston,21,25,25,10,23,20,18,9,25,19,21,20,33,20,17,20,16,16,25,34,31,25,18,18,16,9,38,36
http://opendatacommunities.org/id/geography/administration/md/E08000032,Bradford,155,158,119,160,237,186,230,216,286,240,266,189,180,208,177,237,287,283,302,284,289,247,244,231,194,237,177,201
http://opendatacommunities.org/id/geography/administration/nmd/E07000067,Braintree,56,60,42,49,46,66,61,50,53,61,57,57,71,36,49,44,24,43,20,33,28,16,27,17,17,28,23,20
http://opendatacommunities.org/id/geography/administration/nmd/E07000143,Breckland,17,25,39,44,30,25,24,26,25,15,22,22,12,16,21,19,25,27,27,28,28,18,16,23,37,38,37,18
http://opendatacommunities.org/id/geography/administration/lonb/E09000005,Brent,271,234,284,295,181,211,221,207,194,289,399,416,352,430,414,373,386,367,416,367,352,366,238,248,342,344,279,195
http://opendatacommunities.org/id/geography/administration/nmd/E07000068,Brentwood,13,12,5,14,15,16,26,18,20,24,26,14,19,31,20,25,49,43,20,12,14,25,23,11,10,8,15,11
http://opendatacommunities.org/id/geography/administration/nmd/E07000144,Broadland,65,42,42,35,34,34,47,35,46,30,33,22,33,32,22,34,19,37,33,30,36,33,17,27,32,32,27,35
http://opendatacommunities.org/id/geography/administration/lonb/E09000006,Bromley,254,262,358,270,250,266,295,293,268,240,342,264,231,141,249,264,200,183,338,266,304,393,256,316,295,239,195,304
http://opendatacommunities.org/id/geography/administration/nmd/E07000234,Bromsgrove,25,32,27,31,29,40,34,29,27,29,31,26,23,27,34,31,32,42,27,17,22,22,19,15,31,28,32,16
http://opendatacommunities.org/id/geography/administration/nmd/E07000095,Broxbourne,8,17,67,88,85,119,83,59,69,64,51,53,41,53,52,32,62,73,63,140,91,104,82,92,103,108,88,66
http://opendatacommunities.org/id/geography/administration/nmd/E07000172,Broxtowe,8,"",5,"",13,9,9,10,12,6,12,6,9,5,14,6,"",7,8,6,"",9,9,8,5,8,14,19
http://opendatacommunities.org/id/geography/administration/nmd/E07000117,Burnley,81,72,66,67,81,56,51,40,46,56,48,28,27,23,42,20,26,34,40,30,35,34,33,30,33,36,38,18
http://opendatacommunities.org/id/geography/administration/md/E08000002,Bury,83,93,99,94,89,94,83,111,117,117,105,110,114,121,85,93,66,99,104,57,79,57,68,121,146,151,136,107
http://opendatacommunities.org/id/geography/administration/md/E08000033,Calderdale,17,27,26,22,34,49,31,24,35,38,33,29,27,38,35,30,23,30,19,32,24,24,22,30,27,25,31,31
http://opendatacommunities.org/id/geography/administration/nmd/E07000008,Cambridge,29,34,43,37,23,49,51,42,39,51,46,48,51,57,60,72,99,103,104,89,74,105,98,97,96,97,68,72
http://opendatacommunities.org/id/geography/administration/lonb/E09000007,Camden,52,48,35,55,43,49,52,36,47,27,17,17,30,24,20,20,21,21,25,36,29,29,32,23,25,24,56,27
http://opendatacommunities.org/id/geography/administration/nmd/E07000192,Cannock Chase,33,47,45,32,47,38,39,44,52,30,47,35,47,38,54,21,24,44,36,22,46,26,30,19,30,26,36,24
http://opendatacommunities.org/id/geography/administration/nmd/E07000106,Canterbury,238,203,216,216,156,242,252,308,254,252,242,264,291,329,296,287,296,290,285,331,269,272,170,203,197,197,187,174
http://opendatacommunities.org/id/geography/administration/nmd/E07000028,Carlisle,98,101,101,76,69,57,68,52,57,56,38,39,36,35,25,43,39,27,67,56,40,47,32,44,31,31,38,32
http://opendatacommunities.org/id/geography/administration/nmd/E07000069,Castle Point,29,20,17,15,25,20,24,10,16,20,22,21,19,23,30,20,29,34,30,35,31,27,42,30,25,25,26,30
http://opendatacommunities.org/id/geography/administration/nmd/E07000130,Charnwood,28,35,38,55,57,53,45,50,82,44,59,47,43,24,22,17,23,30,37,36,29,48,40,37,49,44,59,41
http://opendatacommunities.org/id/geography/administration/nmd/E07000070,Chelmsford,46,64,69,69,44,78,81,52,79,63,97,74,79,79,124,92,86,85,143,81,82,118,119,87,159,166,159,52
http://opendatacommunities.org/id/geography/administration/nmd/E07000078,Cheltenham,80,80,76,65,95,91,59,46,62,54,54,35,59,61,60,45,51,64,77,69,76,77,73,71,65,81,47,70
http://opendatacommunities.org/id/geography/administration/nmd/E07000177,Cherwell,31,47,29,26,27,45,29,35,38,37,30,30,32,37,46,48,42,39,32,36,37,39,32,35,35,32,26,33
http://opendatacommunities.org/id/geography/administration/nmd/E07000034,Chesterfield,51,22,34,39,28,22,43,29,43,47,40,33,49,48,39,37,47,45,37,45,43,54,56,35,50,49,41,44
http://opendatacommunities.org/id/geography/administration/nmd/E07000225,Chichester,27,16,17,25,31,34,39,27,23,25,23,10,14,22,22,35,21,29,26,32,45,36,38,34,44,30,51,53
http://opendatacommunities.org/id/geography/administration/nmd/E07000005,Chiltern,14,13,11,16,10,11,10,11,19,7,21,8,22,19,21,24,17,26,31,19,18,21,21,17,25,27,20,18
http://opendatacommunities.org/id/geography/administration/nmd/E07000118,Chorley,18,17,29,23,16,22,32,11,9,21,11,16,11,18,5,10,15,9,12,19,23,11,16,17,21,27,18,11
http://opendatacommunities.org/id/geography/administration/nmd/E07000048,Christchurch,"","",8,"",23,23,25,32,25,15,9,23,13,12,7,8,8,11,8,15,9,13,11,10,21,10,18,20
http://opendatacommunities.org/id/geography/administration/lonb/E09000001,City of London,6,"",8,"",7,11,8,5,5,"",9,"","",13,7,12,19,14,10,"",16,7,8,11,9,"","",7
http://opendatacommunities.org/id/geography/administration/nmd/E07000071,Colchester,105,88,97,83,65,91,101,88,68,58,67,68,75,83,85,93,82,97,129,145,142,111,62,88,72,50,56,80
http://opendatacommunities.org/id/geography/administration/nmd/E07000029,Copeland,27,56,60,62,57,47,26,23,20,14,21,15,9,21,6,"",8,9,6,8,5,7,"",8,11,11,6,9
http://opendatacommunities.org/id/geography/administration/nmd/E07000150,Corby,20,17,14,33,18,13,15,17,17,16,29,17,20,13,11,15,20,33,29,36,28,30,29,54,37,43,29,25
http://opendatacommunities.org/id/geography/administration/nmd/E07000079,Cotswold,48,40,32,28,31,36,43,26,27,29,23,33,41,38,30,42,42,34,38,27,35,40,21,28,35,26,26,32
http://opendatacommunities.org/id/geography/administration/md/E08000026,Coventry,318,245,274,271,134,300,288,237,272,244,262,245,284,254,234,249,230,183,156,313,266,256,260,283,202,212,244,266
http://opendatacommunities.org/id/geography/administration/nmd/E07000163,Craven,7,16,13,8,13,12,8,15,16,12,12,20,21,21,11,11,13,9,11,13,18,16,8,17,9,5,12,7
http://opendatacommunities.org/id/geography/administration/nmd/E07000226,Crawley,84,122,91,63,77,104,102,64,104,103,89,63,85,82,79,99,78,110,89,77,75,91,72,66,75,83,81,69
http://opendatacommunities.org/id/geography/administration/lonb/E09000008,Croydon,415,472,674,718,531,718,1000,630,633,575,556,695,781,678,571,382,305,369,273,544,602,609,468,330,355,331,296,354
http://opendatacommunities.org/id/geography/administration/nmd/E07000096,Dacorum,25,19,28,46,53,50,59,67,61,72,64,70,56,56,77,66,74,83,131,126,58,68,68,47,59,33,31,60
http://opendatacommunities.org/id/geography/administration/nmd/E07000107,Dartford,46,33,19,34,25,50,42,44,31,26,35,48,78,62,61,80,70,65,62,54,61,44,70,65,63,66,62,55
http://opendatacommunities.org/id/geography/administration/nmd/E07000151,Daventry,27,14,26,16,14,18,12,14,16,17,17,13,17,21,12,20,13,11,13,19,13,18,16,20,37,39,30,38
http://opendatacommunities.org/id/geography/administration/nmd/E07000035,Derbyshire Dales,34,34,33,36,36,25,35,36,39,46,36,48,59,47,36,35,26,26,25,37,43,30,16,37,22,38,28,28
http://opendatacommunities.org/id/geography/administration/md/E08000017,Doncaster,50,52,58,52,70,38,40,31,29,35,62,52,76,91,75,65,73,67,120,129,174,133,131,182,112,224,169,156
http://opendatacommunities.org/id/geography/administration/nmd/E07000108,Dover,27,47,38,37,39,67,50,47,32,43,33,42,40,57,54,44,60,63,56,63,65,58,66,75,69,90,51,63
http://opendatacommunities.org/id/geography/administration/md/E08000027,Dudley,474,476,506,488,513,496,472,453,510,408,502,450,463,475,522,402,458,391,463,383,450,488,401,386,382,437,402,365
http://opendatacommunities.org/id/geography/administration/lonb/E09000009,Ealing,181,97,200,256,141,157,217,271,274,380,329,330,461,532,470,509,381,308,378,346,348,368,353,318,282,300,337,370
http://opendatacommunities.org/id/geography/administration/nmd/E07000009,East Cambridgeshire,38,39,34,46,27,14,43,37,49,36,25,12,24,21,22,23,18,23,18,23,13,20,38,44,40,42,36,34
http://opendatacommunities.org/id/geography/administration/nmd/E07000040,East Devon,61,56,59,58,50,34,21,24,25,27,20,16,14,10,7,13,16,16,18,15,23,30,30,15,18,21,19,28
http://opendatacommunities.org/id/geography/administration/nmd/E07000049,East Dorset,6,6,"","",9,9,14,30,21,5,9,18,6,5,"",5,8,7,6,9,11,7,14,9,5,8,10,18
http://opendatacommunities.org/id/geography/administration/nmd/E07000085,East Hampshire,12,24,17,17,16,26,20,12,12,21,19,12,18,17,25,25,20,19,15,21,24,14,18,18,20,18,13,19
http://opendatacommunities.org/id/geography/administration/nmd/E07000242,East Hertfordshire,26,29,24,20,21,20,21,17,18,19,19,13,19,22,35,23,31,27,25,30,22,24,25,22,21,29,20,21
http://opendatacommunities.org/id/geography/administration/nmd/E07000137,East Lindsey,42,34,46,37,56,60,50,47,57,47,31,40,41,27,24,42,35,25,19,24,29,33,25,40,35,24,19,24
http://opendatacommunities.org/id/geography/administration/nmd/E07000152,East Northamptonshire,35,37,48,29,50,47,36,36,30,40,39,27,26,38,23,27,29,26,34,34,36,31,32,36,40,45,36,33
http://opendatacommunities.org/id/geography/administration/nmd/E07000193,East Staffordshire,32,30,22,24,25,49,47,27,31,37,37,65,57,49,50,66,46,50,70,39,52,64,51,61,41,42,51,43
http://opendatacommunities.org/id/geography/administration/nmd/E07000061,Eastbourne,20,22,41,22,32,33,18,24,21,27,19,13,16,14,25,27,17,27,52,44,48,29,35,33,46,71,54,46
http://opendatacommunities.org/id/geography/administration/nmd/E07000086,Eastleigh,29,27,16,18,24,15,21,18,18,17,14,11,15,13,10,16,13,9,7,15,14,10,"",10,"",10,13,8
http://opendatacommunities.org/id/geography/administration/nmd/E07000030,Eden,8,"",10,6,5,"","","",9,20,7,7,9,"",6,12,"",6,18,9,5,8,10,"",8,10,"",9
http://opendatacommunities.org/id/geography/administration/nmd/E07000207,Elmbridge,14,25,21,22,17,19,18,24,33,36,26,18,10,15,13,11,10,22,16,8,22,30,23,28,13,31,22,14
http://opendatacommunities.org/id/geography/administration/lonb/E09000010,Enfield,160,132,119,138,171,287,206,193,187,168,249,238,177,109,200,304,277,376,473,329,429,303,348,274,220,369,295,201
http://opendatacommunities.org/id/geography/administration/nmd/E07000072,Epping Forest,18,36,23,23,27,27,31,29,26,22,31,24,18,22,22,31,39,35,26,34,31,30,25,33,42,29,28,22
http://opendatacommunities.org/id/geography/administration/nmd/E07000208,Epsom and Ewell,12,13,7,6,12,29,14,32,16,42,25,15,27,12,13,12,21,8,11,16,14,53,19,37,21,20,17,35
http://opendatacommunities.org/id/geography/administration/nmd/E07000036,Erewash,23,19,14,12,16,20,15,19,23,27,13,17,17,19,27,12,13,16,13,18,18,13,23,25,21,12,"",6
http://opendatacommunities.org/id/geography/administration/nmd/E07000041,Exeter,47,42,43,46,51,33,40,33,26,40,37,39,82,50,68,49,54,50,56,79,80,81,71,57,68,50,45,64
http://opendatacommunities.org/id/geography/administration/nmd/E07000087,Fareham,23,45,48,27,27,36,29,26,27,21,37,34,45,57,49,47,46,42,23,26,27,24,37,27,24,23,30,23
http://opendatacommunities.org/id/geography/administration/nmd/E07000010,Fenland,22,35,39,28,32,34,27,35,41,38,32,39,30,49,35,35,43,37,34,30,37,54,38,32,47,27,48,37
http://opendatacommunities.org/id/geography/administration/nmd/E07000112,Folkestone and Hythe,41,53,45,36,39,57,46,48,48,39,34,25,31,28,32,33,24,20,79,78,95,67,51,87,83,111,151,77
http://opendatacommunities.org/id/geography/administration/nmd/E07000201,Forest Heath,23,38,44,44,39,35,16,26,29,18,28,31,28,29,22,20,30,28,20,32,37,29,39,33,35,32,44,33
http://opendatacommunities.org/id/geography/administration/nmd/E07000080,Forest of Dean,12,15,12,18,13,15,8,8,7,9,8,9,9,17,10,9,12,7,11,12,21,21,19,16,18,26,18,11
http://opendatacommunities.org/id/geography/administration/nmd/E07000119,Fylde,14,7,15,10,8,6,11,8,6,"",14,13,12,14,9,5,7,11,5,13,"",7,5,9,9,11,27,""
http://opendatacommunities.org/id/geography/administration/md/E08000037,Gateshead,140,116,101,127,148,134,132,76,111,83,104,135,85,121,105,87,94,83,90,61,67,71,53,95,73,85,99,93
http://opendatacommunities.org/id/geography/administration/nmd/E07000173,Gedling,30,14,26,22,26,20,19,23,23,20,17,14,19,17,23,32,32,35,26,21,15,45,25,39,26,35,33,34
http://opendatacommunities.org/id/geography/administration/nmd/E07000081,Gloucester,71,87,96,90,125,116,140,118,119,150,108,101,145,127,139,92,126,99,104,114,146,103,124,110,114,83,84,56
http://opendatacommunities.org/id/geography/administration/nmd/E07000088,Gosport,53,64,51,51,49,64,68,55,62,111,103,69,65,77,70,84,56,58,58,39,53,46,46,45,43,39,52,40
http://opendatacommunities.org/id/geography/administration/nmd/E07000109,Gravesham,22,18,31,21,32,28,32,25,22,23,24,37,32,41,20,17,20,24,24,20,38,42,35,25,37,30,36,16
http://opendatacommunities.org/id/geography/administration/nmd/E07000145,Great Yarmouth,35,36,27,50,33,35,48,39,58,79,74,62,104,122,174,179,170,149,221,219,235,187,200,200,164,180,177,158
http://opendatacommunities.org/id/geography/administration/lonb/E09000011,Greenwich,103,151,140,164,166,164,164,103,92,72,66,92,121,108,94,164,111,143,186,183,182,160,210,180,209,210,195,225
http://opendatacommunities.org/id/geography/administration/nmd/E07000209,Guildford,11,10,15,20,14,11,10,14,"",13,20,13,13,13,18,17,16,13,20,21,13,13,20,16,12,11,18,9
http://opendatacommunities.org/id/geography/administration/lonb/E09000012,Hackney,341,311,249,390,351,400,358,240,281,419,451,499,345,379,315,451,349,380,342,301,184,230,311,460,364,445,277,258
http://opendatacommunities.org/id/geography/administration/nmd/E07000164,Hambleton,37,34,44,31,34,29,55,43,36,32,37,31,28,18,20,33,24,22,17,16,12,6,16,18,6,12,11,11
http://opendatacommunities.org/id/geography/administration/lonb/E09000013,Hammersmith and Fulham,57,77,76,92,83,107,99,101,122,143,122,130,92,154,152,172,162,121,134,136,140,116,122,92,93,77,79,80
http://opendatacommunities.org/id/geography/administration/nmd/E07000131,Harborough,12,15,9,13,19,17,12,6,12,12,10,6,11,10,17,5,5,8,16,9,16,8,10,5,13,18,13,16
http://opendatacommunities.org/id/geography/administration/lonb/E09000014,Haringey,137,157,336,270,189,233,268,250,235,343,281,247,256,203,234,245,230,230,218,170,223,243,282,219,211,247,206,163
http://opendatacommunities.org/id/geography/administration/nmd/E07000073,Harlow,59,51,40,40,65,54,49,43,43,58,50,49,45,38,49,47,48,51,65,47,56,65,30,50,55,59,60,57
http://opendatacommunities.org/id/geography/administration/nmd/E07000165,Harrogate,24,28,25,22,22,29,24,20,21,15,22,28,41,40,49,49,54,65,47,53,62,60,57,47,42,46,65,37
http://opendatacommunities.org/id/geography/administration/lonb/E09000015,Harrow,74,88,105,97,84,102,95,97,93,108,87,99,113,135,100,95,97,219,218,187,170,180,166,116,104,148,88,100
http://opendatacommunities.org/id/geography/administration/nmd/E07000089,Hart,"","","",10,11,"",5,5,6,9,6,7,20,11,8,11,9,18,8,12,9,11,11,7,10,14,7,13
http://opendatacommunities.org/id/geography/administration/nmd/E07000062,Hastings,36,27,43,36,33,64,65,74,62,67,63,60,66,95,81,76,109,115,116,129,128,142,131,134,128,106,134,123
http://opendatacommunities.org/id/geography/administration/nmd/E07000090,Havant,36,30,20,13,12,16,30,31,28,30,16,31,40,33,24,17,21,19,13,13,17,13,9,7,10,9,20,21
http://opendatacommunities.org/id/geography/administration/lonb/E09000016,Havering,133,195,242,197,156,185,206,195,256,174,155,165,106,135,197,175,295,218,253,292,250,93,123,133,171,292,212,232
http://opendatacommunities.org/id/geography/administration/nmd/E07000098,Hertsmere,34,21,37,51,46,56,41,38,50,44,55,61,39,50,66,50,50,50,32,35,31,64,60,58,78,67,60,68
http://opendatacommunities.org/id/geography/administration/nmd/E07000037,High Peak,11,16,14,13,25,21,22,21,20,10,12,15,22,36,38,25,20,41,34,34,32,19,45,52,17,30,20,25
http://opendatacommunities.org/id/geography/administration/lonb/E09000017,Hillingdon,99,126,153,108,100,146,107,74,144,119,152,157,163,143,121,109,152,148,144,180,125,100,111,142,121,129,103,103
http://opendatacommunities.org/id/geography/administration/nmd/E07000132,Hinckley and Bosworth,32,47,34,55,32,39,49,39,40,32,32,43,33,30,18,27,36,26,21,25,18,20,21,15,25,21,33,29
http://opendatacommunities.org/id/geography/administration/nmd/E07000227,Horsham,63,65,195,76,54,61,45,53,43,58,60,51,55,65,47,38,30,50,64,48,42,53,51,44,42,35,32,73
http://opendatacommunities.org/id/geography/administration/lonb/E09000018,Hounslow,85,122,189,272,244,234,247,202,203,248,229,168,177,156,157,81,92,134,209,248,124,126,163,166,119,94,83,36
http://opendatacommunities.org/id/geography/administration/nmd/E07000011,Huntingdonshire,69,61,71,64,63,77,64,54,57,57,49,63,68,79,82,64,73,69,82,95,85,87,84,85,86,95,71,67
http://opendatacommunities.org/id/geography/administration/nmd/E07000120,Hyndburn,9,14,"",12,12,"",5,"","",7,"",10,"","",6,7,8,"","","",5,"","","",5,"","",7
http://opendatacommunities.org/id/geography/administration/nmd/E07000202,Ipswich,49,69,48,63,64,57,73,62,60,60,67,43,52,51,64,38,54,52,45,70,60,55,66,61,61,79,68,56
http://opendatacommunities.org/id/geography/administration/lonb/E09000019,Islington,331,410,344,335,274,385,197,313,213,239,215,210,205,226,278,186,220,221,225,231,191,196,163,129,120,96,110,127
http://opendatacommunities.org/id/geography/administration/lonb/E09000020,Kensington and Chelsea,288,362,372,419,390,444,391,372,352,340,340,362,301,278,257,288,321,308,283,219,208,228,217,211,260,455,177,154
http://opendatacommunities.org/id/geography/administration/nmd/E07000153,Kettering,39,52,24,14,24,31,35,23,39,37,25,34,30,22,28,22,35,33,54,40,54,46,88,69,73,109,79,52
http://opendatacommunities.org/id/geography/administration/nmd/E07000146,King's Lynn and West Norfolk,60,75,49,57,38,56,42,48,46,90,65,81,81,77,77,84,59,81,83,79,71,71,62,61,57,62,55,26
http://opendatacommunities.org/id/geography/administration/lonb/E09000021,Kingston upon Thames,74,122,126,119,127,109,125,120,87,46,129,117,88,127,115,90,70,78,66,110,81,81,91,105,60,71,67,79
http://opendatacommunities.org/id/geography/administration/md/E08000034,Kirklees,130,148,129,142,137,159,188,162,128,148,111,82,92,96,118,107,168,164,178,111,155,134,134,175,161,159,138,161
http://opendatacommunities.org/id/geography/administration/md/E08000011,Knowsley,52,48,41,39,52,66,58,45,54,75,37,51,41,42,45,47,34,50,38,30,42,46,49,57,52,68,52,62
http://opendatacommunities.org/id/geography/administration/lonb/E09000022,Lambeth,261,314,202,379,222,225,221,249,186,208,303,262,236,187,132,132,195,152,223,211,231,139,238,150,163,165,214,130
http://opendatacommunities.org/id/geography/administration/nmd/E07000121,Lancaster,65,42,36,52,40,43,37,57,61,59,46,56,68,61,47,53,20,27,30,25,14,12,25,22,20,32,35,59
http://opendatacommunities.org/id/geography/administration/md/E08000035,Leeds,1106,1267,1000,1036,1084,1181,1198,1187,859,401,514,362,281,401,376,446,599,535,470,425,453,276,262,499,508,494,482,424
http://opendatacommunities.org/id/geography/administration/nmd/E07000063,Lewes,58,39,32,43,39,19,21,31,18,27,21,26,31,45,23,36,27,24,24,25,41,25,36,32,24,30,33,18
http://opendatacommunities.org/id/geography/administration/lonb/E09000023,Lewisham,156,167,210,220,214,213,233,258,237,245,166,218,188,319,396,324,212,339,289,340,324,308,289,255,278,283,284,228
http://opendatacommunities.org/id/geography/administration/nmd/E07000194,Lichfield,42,37,32,31,29,28,17,27,27,24,14,16,16,17,20,19,14,28,26,19,19,33,23,16,20,10,34,30
http://opendatacommunities.org/id/geography/administration/nmd/E07000138,Lincoln,28,36,44,48,57,52,68,63,37,65,58,92,90,90,81,86,49,60,73,60,71,72,34,64,61,97,72,72
http://opendatacommunities.org/id/geography/administration/md/E08000012,Liverpool,146,163,188,170,157,144,109,114,94,82,78,67,77,71,53,71,66,75,85,86,115,112,90,112,87,74,76,115
http://opendatacommunities.org/id/geography/administration/nmd/E07000110,Maidstone,38,68,89,76,75,83,58,71,89,72,82,133,139,139,139,169,124,167,142,135,128,191,124,137,147,175,138,122
http://opendatacommunities.org/id/geography/administration/nmd/E07000074,Maldon,7,9,6,"",8,"","",5,6,6,6,13,8,"",13,7,10,"",9,12,9,9,5,8,13,11,15,12
http://opendatacommunities.org/id/geography/administration/nmd/E07000235,Malvern Hills,12,24,15,19,14,14,13,16,18,16,9,16,11,28,13,17,16,12,13,14,15,15,12,16,11,14,16,17
http://opendatacommunities.org/id/geography/administration/md/E08000003,Manchester,549,555,518,583,531,553,572,661,568,644,568,482,564,537,549,553,488,559,622,602,607,777,683,711,674,736,770,699
http://opendatacommunities.org/id/geography/administration/nmd/E07000174,Mansfield,73,66,67,61,84,101,86,84,92,71,60,76,95,77,44,52,62,56,46,55,71,64,59,87,86,75,56,52
http://opendatacommunities.org/id/geography/administration/nmd/E07000133,Melton,31,23,10,12,22,29,26,38,42,29,39,45,58,67,48,42,35,41,44,43,50,35,27,42,36,30,22,41
http://opendatacommunities.org/id/geography/administration/nmd/E07000187,Mendip,37,47,58,57,51,39,33,43,39,40,36,25,43,39,29,18,26,28,24,25,31,26,21,17,8,11,13,12
http://opendatacommunities.org/id/geography/administration/lonb/E09000024,Merton,44,81,57,87,73,60,78,36,55,64,73,77,77,84,87,82,92,112,77,57,68,89,76,36,67,67,48,66
http://opendatacommunities.org/id/geography/administration/nmd/E07000042,Mid Devon,31,70,44,60,58,79,71,69,54,36,30,40,7,14,19,13,42,34,30,28,39,49,58,50,53,40,41,43
http://opendatacommunities.org/id/geography/administration/nmd/E07000203,Mid Suffolk,28,18,19,27,13,24,21,29,15,20,25,34,24,23,25,19,24,23,22,24,16,21,21,27,13,17,18,27
http://opendatacommunities.org/id/geography/administration/nmd/E07000228,Mid Sussex,34,24,25,33,33,36,27,25,31,33,18,18,22,19,23,22,15,27,22,18,16,21,27,23,13,23,23,18
http://opendatacommunities.org/id/geography/administration/nmd/E07000210,Mole Valley,16,18,13,18,8,24,21,21,13,16,18,17,17,25,16,19,31,25,18,9,14,13,24,18,32,26,21,35
http://opendatacommunities.org/id/geography/administration/nmd/E07000091,New Forest,33,29,21,35,34,20,29,34,27,36,42,52,44,53,38,44,30,49,41,53,56,43,52,31,29,27,39,47
http://opendatacommunities.org/id/geography/administration/nmd/E07000175,Newark and Sherwood,34,42,26,22,29,44,23,35,42,26,34,43,38,34,32,35,37,28,30,33,29,29,36,37,41,25,27,31
http://opendatacommunities.org/id/geography/administration/md/E08000021,Newcastle upon Tyne,323,379,306,314,366,352,373,305,315,287,281,351,327,377,314,273,288,261,248,242,301,253,245,225,202,223,190,226
http://opendatacommunities.org/id/geography/administration/nmd/E07000195,Newcastle-under-Lyme,10,15,10,10,6,6,9,17,20,21,34,22,29,24,28,18,11,9,10,7,6,12,7,13,8,10,7,15
http://opendatacommunities.org/id/geography/administration/lonb/E09000025,Newham,121,138,164,152,188,339,526,799,919,846,689,495,518,425,474,304,421,416,787,824,556,474,461,458,505,479,370,313
http://opendatacommunities.org/id/geography/administration/nmd/E07000043,North Devon,24,12,20,19,30,21,20,25,27,24,19,16,28,17,27,16,37,36,27,35,42,29,27,38,48,49,59,55
http://opendatacommunities.org/id/geography/administration/nmd/E07000050,North Dorset,24,35,38,23,26,24,17,19,20,21,24,14,25,26,10,16,14,20,17,22,18,5,19,22,17,16,26,29
http://opendatacommunities.org/id/geography/administration/nmd/E07000038,North East Derbyshire,9,7,13,6,7,"",11,5,6,"","",6,9,"",8,"",10,13,11,5,7,9,7,7,8,8,6,6
http://opendatacommunities.org/id/geography/administration/nmd/E07000099,North Hertfordshire,26,33,31,33,39,32,23,18,33,29,30,31,31,47,37,34,42,35,29,34,51,40,32,27,26,28,39,27
http://opendatacommunities.org/id/geography/administration/nmd/E07000139,North Kesteven,7,16,14,14,14,10,9,9,12,21,23,12,17,16,21,26,23,26,26,24,43,32,40,34,44,36,31,23
http://opendatacommunities.org/id/geography/administration/nmd/E07000147,North Norfolk,44,43,48,59,63,69,49,43,43,54,57,39,48,35,30,40,46,33,42,41,44,28,31,43,43,44,48,53
http://opendatacommunities.org/id/geography/administration/md/E08000022,North Tyneside,67,69,41,59,82,79,87,98,93,82,63,101,85,99,86,85,80,71,68,76,96,92,83,105,84,95,90,77
http://opendatacommunities.org/id/geography/administration/nmd/E07000218,North Warwickshire,17,20,9,16,15,30,20,12,15,12,17,15,22,50,25,22,29,34,35,35,39,29,36,38,40,42,46,57
http://opendatacommunities.org/id/geography/administration/nmd/E07000134,North West Leicestershire,14,53,55,55,39,29,16,27,28,30,16,22,12,20,10,13,22,15,14,"","",6,5,6,5,17,10,20
http://opendatacommunities.org/id/geography/administration/nmd/E07000154,Northampton,200,236,203,235,204,218,199,210,184,180,192,176,104,163,123,114,107,120,133,125,150,165,163,164,168,256,199,154
http://opendatacommunities.org/id/geography/administration/nmd/E07000148,Norwich,139,90,110,64,67,53,26,67,56,79,79,78,63,72,91,91,70,65,71,62,78,120,111,138,73,82,63,63
http://opendatacommunities.org/id/geography/administration/nmd/E07000219,Nuneaton and Bedworth,40,46,50,55,66,52,64,66,62,84,53,52,68,55,93,43,50,54,44,20,49,40,28,56,54,75,34,65
http://opendatacommunities.org/id/geography/administration/nmd/E07000135,Oadby and Wigston,"",22,15,"",5,7,5,9,11,15,26,23,24,19,22,13,17,24,29,25,31,25,33,22,30,28,10,41
http://opendatacommunities.org/id/geography/administration/md/E08000004,Oldham,21,27,29,24,20,27,22,27,24,19,31,19,19,19,19,10,20,32,31,42,43,75,53,71,82,168,107,122
http://opendatacommunities.org/id/geography/administration/nmd/E07000178,Oxford,87,123,122,81,75,66,89,107,57,70,74,59,59,63,86,69,59,71,69,88,54,54,76,70,54,49,69,56
http://opendatacommunities.org/id/geography/administration/nmd/E07000122,Pendle,41,54,49,54,50,58,42,51,55,51,44,38,45,31,42,36,35,23,33,29,28,19,22,24,31,25,25,44
http://opendatacommunities.org/id/geography/administration/nmd/E07000123,Preston,15,32,20,28,22,22,22,17,14,17,22,27,16,27,25,21,24,26,24,22,17,13,22,17,22,16,21,7
http://opendatacommunities.org/id/geography/administration/nmd/E07000051,Purbeck,9,12,12,9,12,17,12,7,17,15,15,25,11,19,7,16,11,15,14,17,15,10,13,16,16,14,17,15
http://opendatacommunities.org/id/geography/administration/lonb/E09000026,Redbridge,268,273,286,317,307,266,293,293,309,242,265,265,254,295,314,255,279,293,292,267,309,270,255,245,255,244,232,230
http://opendatacommunities.org/id/geography/administration/nmd/E07000236,Redditch,20,26,15,22,41,16,36,28,57,52,36,58,33,40,56,54,60,73,41,38,51,40,38,32,35,38,42,30
http://opendatacommunities.org/id/geography/administration/nmd/E07000211,Reigate and Banstead,25,30,27,24,32,20,41,25,33,29,39,40,33,50,56,50,42,36,25,41,35,29,45,23,21,34,19,29
http://opendatacommunities.org/id/geography/administration/nmd/E07000124,Ribble Valley,"",7,5,"",6,7,8,"","",8,5,"","","","","","",7,"","","",7,"","","",7,5,""
http://opendatacommunities.org/id/geography/administration/lonb/E09000027,Richmond upon Thames,62,95,172,135,126,121,172,162,148,109,125,120,99,106,81,99,93,104,99,94,78,98,90,53,82,81,88,83
http://opendatacommunities.org/id/geography/administration/nmd/E07000166,Richmondshire,24,32,27,18,17,24,29,20,12,23,16,23,13,22,12,33,20,20,17,14,25,23,17,16,7,31,17,16
http://opendatacommunities.org/id/geography/administration/md/E08000005,Rochdale,146,135,118,144,175,161,170,211,215,247,215,250,260,235,205,220,278,246,235,286,256,227,199,231,211,240,197,134
http://opendatacommunities.org/id/geography/administration/nmd/E07000075,Rochford,34,27,22,24,17,26,30,23,41,35,31,37,31,29,37,21,30,34,29,34,41,32,28,35,17,44,23,27
http://opendatacommunities.org/id/geography/administration/nmd/E07000125,Rossendale,12,8,5,5,6,"",5,10,"",6,"",5,"","","",9,8,11,6,13,12,14,"",11,6,12,14,15
http://opendatacommunities.org/id/geography/administration/nmd/E07000064,Rother,20,22,34,27,24,28,13,37,24,32,28,27,27,22,29,34,36,51,46,44,51,40,52,56,37,49,28,72
http://opendatacommunities.org/id/geography/administration/md/E08000018,Rotherham,40,61,66,56,77,77,82,93,74,76,74,56,55,64,67,134,101,82,86,102,82,119,88,115,78,99,87,139
http://opendatacommunities.org/id/geography/administration/nmd/E07000220,Rugby,21,27,18,24,30,12,12,38,31,36,43,62,67,78,70,45,49,59,59,68,58,58,57,60,73,56,46,42
http://opendatacommunities.org/id/geography/administration/nmd/E07000212,Runnymede,47,31,25,33,35,38,18,21,29,23,25,30,30,33,38,31,37,49,23,29,23,28,21,32,28,35,43,11
http://opendatacommunities.org/id/geography/administration/nmd/E07000176,Rushcliffe,16,13,12,25,11,20,9,15,5,9,6,8,8,14,6,5,6,5,10,11,7,9,7,7,12,5,12,7
http://opendatacommunities.org/id/geography/administration/nmd/E07000092,Rushmoor,13,20,16,13,24,20,21,32,17,32,27,24,28,20,31,29,38,38,33,50,35,35,40,28,38,32,28,31
http://opendatacommunities.org/id/geography/administration/nmd/E07000167,Ryedale,11,17,9,9,9,12,9,6,7,15,6,6,9,9,6,5,7,10,9,11,"",5,"",6,6,11,9,""
http://opendatacommunities.org/id/geography/administration/md/E08000006,Salford,124,153,118,86,124,137,205,191,203,157,178,164,145,215,209,218,200,307,269,290,282,313,311,304,278,387,283,332
http://opendatacommunities.org/id/geography/administration/md/E08000028,Sandwell,229,221,197,219,167,172,196,179,211,193,220,180,207,182,194,228,183,177,178,201,209,214,179,184,163,201,214,106
http://opendatacommunities.org/id/geography/administration/nmd/E07000168,Scarborough,58,55,71,64,70,58,42,60,51,46,32,43,56,42,37,45,31,47,45,56,47,45,46,43,42,50,49,49
http://opendatacommunities.org/id/geography/administration/nmd/E07000188,Sedgemoor,21,30,30,45,35,20,32,20,21,31,29,17,23,26,23,26,32,36,37,38,38,41,30,33,31,27,33,37
http://opendatacommunities.org/id/geography/administration/md/E08000014,Sefton,18,43,51,38,41,61,34,42,34,34,29,31,27,48,24,43,39,50,43,49,50,51,41,49,61,72,49,55
http://opendatacommunities.org/id/geography/administration/nmd/E07000169,Selby,14,9,12,11,8,11,21,18,12,11,20,13,17,26,35,9,8,7,8,8,15,13,13,10,10,7,12,15
http://opendatacommunities.org/id/geography/administration/nmd/E07000111,Sevenoaks,11,22,33,12,18,5,11,8,5,5,12,10,12,19,14,10,21,33,23,20,23,22,14,17,12,15,15,13
http://opendatacommunities.org/id/geography/administration/md/E08000019,Sheffield,878,865,876,953,775,787,828,814,728,544,438,336,321,341,283,198,323,309,280,324,314,291,315,352,303,317,313,301
http://opendatacommunities.org/id/geography/administration/md/E08000029,Solihull,91,116,123,161,163,140,162,165,206,181,220,230,263,277,286,292,239,194,167,176,188,199,182,214,184,156,171,161
http://opendatacommunities.org/id/geography/administration/nmd/E07000006,South Bucks,7,10,13,20,13,18,8,12,9,25,10,13,12,11,27,25,17,18,30,22,16,36,27,23,23,38,19,23
http://opendatacommunities.org/id/geography/administration/nmd/E07000012,South Cambridgeshire,24,34,38,30,28,40,30,51,52,36,55,25,28,21,26,46,38,43,61,26,39,61,58,60,46,68,69,60
http://opendatacommunities.org/id/geography/administration/nmd/E07000039,South Derbyshire,63,67,50,56,44,53,59,47,56,53,53,27,11,18,31,31,43,32,40,39,46,43,43,38,48,63,48,28
http://opendatacommunities.org/id/geography/administration/nmd/E07000044,South Hams,20,14,16,14,16,21,8,7,8,14,14,"",10,10,5,"",6,8,"",7,7,9,"",12,11,13,23,10
http://opendatacommunities.org/id/geography/administration/nmd/E07000140,South Holland,18,17,17,7,12,9,8,17,13,12,23,29,16,16,20,25,19,19,26,12,22,18,25,29,33,35,31,26
http://opendatacommunities.org/id/geography/administration/nmd/E07000141,South Kesteven,58,64,54,68,44,61,55,56,51,57,53,56,83,62,59,54,67,55,52,64,61,70,67,69,57,64,58,47
http://opendatacommunities.org/id/geography/administration/nmd/E07000031,South Lakeland,94,90,91,80,23,20,20,19,17,5,11,6,6,"","","",5,7,9,21,21,15,22,46,69,30,47,12
http://opendatacommunities.org/id/geography/administration/nmd/E07000149,South Norfolk,18,26,21,15,25,18,23,25,18,11,18,20,28,13,27,19,30,14,21,10,32,23,10,17,19,24,13,15
http://opendatacommunities.org/id/geography/administration/nmd/E07000155,South Northamptonshire,16,22,15,17,20,12,6,28,14,18,13,6,"",7,5,22,13,9,12,16,26,21,18,21,16,14,14,14
http://opendatacommunities.org/id/geography/administration/nmd/E07000179,South Oxfordshire,7,7,21,17,12,21,28,21,14,21,24,17,23,10,21,10,13,22,18,15,19,19,11,11,11,12,10,13
http://opendatacommunities.org/id/geography/administration/nmd/E07000126,South Ribble,14,23,23,16,20,29,20,28,23,17,23,32,15,21,13,17,16,14,12,11,25,11,19,13,13,18,21,21
http://opendatacommunities.org/id/geography/administration/nmd/E07000189,South Somerset,102,80,96,69,110,118,78,98,124,60,54,68,71,51,51,67,72,43,41,58,70,59,37,70,65,51,56,57
http://opendatacommunities.org/id/geography/administration/nmd/E07000196,South Staffordshire,17,18,16,9,13,"",14,7,8,12,5,8,7,17,10,10,20,13,8,16,15,9,6,10,5,"",9,5
http://opendatacommunities.org/id/geography/administration/md/E08000023,South Tyneside,163,137,100,132,114,106,95,114,96,90,91,85,54,83,78,95,85,104,76,120,87,70,40,40,41,30,30,23
http://opendatacommunities.org/id/geography/administration/lonb/E09000028,Southwark,230,221,269,226,271,261,259,232,285,275,154,206,114,202,1008,421,446,490,586,449,560,571,579,506,281,343,378,331
http://opendatacommunities.org/id/geography/administration/nmd/E07000213,Spelthorne,"","",11,11,16,28,27,25,32,34,44,25,30,55,51,36,43,64,42,43,44,41,22,39,23,47,38,31
http://opendatacommunities.org/id/geography/administration/nmd/E07000240,St Albans,22,21,24,19,26,36,37,30,34,46,42,69,51,58,47,38,50,39,38,33,40,56,39,37,28,37,32,48
http://opendatacommunities.org/id/geography/administration/nmd/E07000204,St Edmundsbury,16,20,38,17,23,59,51,82,61,81,67,65,76,73,49,48,55,63,44,48,47,79,44,48,36,59,32,64
http://opendatacommunities.org/id/geography/administration/md/E08000013,St. Helens,78,66,49,70,68,64,54,46,30,35,34,37,39,38,31,23,45,33,40,39,29,33,29,43,46,55,37,48
http://opendatacommunities.org/id/geography/administration/nmd/E07000197,Stafford,35,25,31,19,17,30,15,18,19,19,23,21,20,"",5,8,13,22,24,37,33,33,20,24,17,"","",12
http://opendatacommunities.org/id/geography/administration/nmd/E07000198,Staffordshire Moorlands,33,55,50,35,25,41,33,26,26,26,21,31,24,27,16,25,35,19,18,17,17,28,11,20,22,21,27,34
http://opendatacommunities.org/id/geography/administration/nmd/E07000243,Stevenage,20,10,16,20,21,18,24,17,22,24,18,18,16,21,24,44,20,19,15,37,29,36,52,41,23,27,29,29
http://opendatacommunities.org/id/geography/administration/md/E08000007,Stockport,80,89,83,123,84,123,110,140,149,136,133,132,67,91,88,89,77,89,102,119,101,143,118,121,109,95,106,123
http://opendatacommunities.org/id/geography/administration/nmd/E07000221,Stratford-on-Avon,40,62,55,64,36,49,34,43,49,37,72,44,52,40,36,46,42,46,50,57,61,51,71,76,100,85,82,92
http://opendatacommunities.org/id/geography/administration/nmd/E07000082,Stroud,10,31,15,16,15,16,14,9,14,15,20,13,11,6,19,13,16,20,15,13,22,17,31,26,17,25,23,11
http://opendatacommunities.org/id/geography/administration/nmd/E07000205,Suffolk Coastal,"",5,9,5,"",5,6,"","",6,9,10,8,8,5,6,8,11,5,"","",9,6,12,18,23,19,21
http://opendatacommunities.org/id/geography/administration/md/E08000024,Sunderland,35,32,19,23,21,23,85,177,282,359,334,420,392,290,272,289,261,269,278,249,209,189,182,176,167,180,172,131
http://opendatacommunities.org/id/geography/administration/nmd/E07000214,Surrey Heath,16,17,22,33,36,21,22,21,17,21,25,34,21,23,13,15,20,21,30,18,31,26,25,14,18,33,15,13
http://opendatacommunities.org/id/geography/administration/lonb/E09000029,Sutton,60,71,110,70,54,90,83,59,91,88,78,112,88,129,109,97,125,119,114,71,99,122,83,134,89,107,152,75
http://opendatacommunities.org/id/geography/administration/nmd/E07000113,Swale,31,13,10,27,49,23,34,56,51,59,52,53,66,56,59,93,104,93,98,121,111,120,113,164,108,109,104,117
http://opendatacommunities.org/id/geography/administration/md/E08000008,Tameside,163,141,124,114,73,103,133,120,105,96,59,48,43,52,33,85,100,118,101,132,124,160,139,137,105,138,104,121
http://opendatacommunities.org/id/geography/administration/nmd/E07000199,Tamworth,31,34,29,45,30,17,22,19,21,21,27,23,37,46,62,95,36,31,19,16,27,66,65,53,30,22,35,31
http://opendatacommunities.org/id/geography/administration/nmd/E07000215,Tandridge,"",6,8,8,"",8,14,11,9,10,6,8,13,9,17,8,10,12,10,10,6,12,11,9,8,16,14,""
http://opendatacommunities.org/id/geography/administration/nmd/E07000190,Taunton Deane,81,60,50,40,49,55,36,41,50,44,33,28,49,51,53,33,40,42,52,40,67,35,49,74,57,54,39,56
http://opendatacommunities.org/id/geography/administration/nmd/E07000045,Teignbridge,44,49,20,14,23,35,58,56,33,42,65,62,52,18,37,24,39,24,26,38,45,28,42,55,50,21,9,15
http://opendatacommunities.org/id/geography/administration/nmd/E07000076,Tendring,40,41,45,29,32,34,21,22,15,11,21,31,47,27,39,27,30,35,40,45,57,81,52,80,68,77,76,79
http://opendatacommunities.org/id/geography/administration/nmd/E07000093,Test Valley,20,22,11,28,22,26,21,14,20,48,24,26,21,16,20,21,14,23,15,32,17,17,12,17,18,22,18,11
http://opendatacommunities.org/id/geography/administration/nmd/E07000083,Tewkesbury,19,31,42,29,33,28,36,24,22,25,27,42,31,33,30,30,35,25,29,21,28,31,30,30,28,23,33,23
http://opendatacommunities.org/id/geography/administration/nmd/E07000114,Thanet,39,66,76,103,67,86,89,87,84,96,88,121,94,117,97,120,138,145,186,207,219,174,216,165,113,225,194,226
http://opendatacommunities.org/id/geography/administration/nmd/E07000102,Three Rivers,31,39,23,27,32,39,32,24,40,41,39,38,42,28,27,21,21,24,27,14,13,25,11,27,17,20,20,8
http://opendatacommunities.org/id/geography/administration/nmd/E07000115,Tonbridge and Malling,14,21,14,12,6,21,16,19,13,13,9,18,20,25,34,55,81,62,45,38,32,31,35,36,53,32,31,46
http://opendatacommunities.org/id/geography/administration/nmd/E07000046,Torridge,13,15,11,25,10,13,10,10,9,14,11,12,15,13,11,9,19,12,15,15,16,18,13,23,27,37,35,15
http://opendatacommunities.org/id/geography/administration/lonb/E09000030,Tower Hamlets,163,159,170,169,98,210,195,165,213,246,187,180,219,174,161,215,151,189,171,139,158,123,128,139,146,172,164,116
http://opendatacommunities.org/id/geography/administration/md/E08000009,Trafford,72,53,73,83,91,105,79,104,89,93,72,71,62,84,64,71,76,63,62,51,68,65,72,68,64,57,65,73
http://opendatacommunities.org/id/geography/administration/nmd/E07000116,Tunbridge Wells,13,17,8,14,21,21,26,28,29,25,22,19,16,26,19,25,21,17,14,13,30,18,21,21,20,22,15,25
http://opendatacommunities.org/id/geography/administration/nmd/E07000077,Uttlesford,"",10,16,17,16,7,9,26,21,22,29,14,22,24,19,19,15,16,25,29,24,31,25,20,14,24,23,14
http://opendatacommunities.org/id/geography/administration/nmd/E07000180,Vale of White Horse,21,27,9,27,18,21,24,37,22,31,21,18,18,20,15,12,16,16,12,12,"",8,9,13,14,15,9,14
http://opendatacommunities.org/id/geography/administration/md/E08000036,Wakefield,88,163,174,143,154,189,151,132,147,146,168,166,142,133,147,147,164,165,143,146,157,144,150,154,142,148,174,188
http://opendatacommunities.org/id/geography/administration/md/E08000030,Walsall,32,44,67,51,42,80,89,158,138,117,84,80,51,53,42,38,71,143,90,114,117,105,77,74,57,83,45,81
http://opendatacommunities.org/id/geography/administration/lonb/E09000031,Waltham Forest,440,358,475,330,479,750,677,500,543,438,434,475,472,668,591,453,425,450,492,264,282,296,300,280,326,345,238,220
http://opendatacommunities.org/id/geography/administration/lonb/E09000032,Wandsworth,324,295,374,359,317,309,318,343,289,297,308,315,199,233,344,335,275,331,311,314,253,305,271,256,261,253,260,241
http://opendatacommunities.org/id/geography/administration/nmd/E07000222,Warwick,145,176,168,172,119,157,197,170,174,162,182,190,160,112,155,148,174,199,183,164,176,151,105,120,114,82,96,119
http://opendatacommunities.org/id/geography/administration/nmd/E07000103,Watford,37,40,43,56,41,45,41,61,61,45,36,48,57,69,89,76,62,46,26,41,54,49,78,46,55,43,33,61
http://opendatacommunities.org/id/geography/administration/nmd/E07000206,Waveney,41,29,45,22,29,17,15,23,40,31,25,19,26,26,16,24,22,17,23,29,23,27,41,23,31,30,29,33
http://opendatacommunities.org/id/geography/administration/nmd/E07000216,Waverley,"","",5,"","",10,6,5,"","","",7,5,"",10,"",5,7,6,6,"","","","","",5,"",""
http://opendatacommunities.org/id/geography/administration/nmd/E07000065,Wealden,40,45,29,32,21,36,26,30,28,39,28,39,45,46,75,48,47,48,40,42,61,49,51,46,52,53,43,34
http://opendatacommunities.org/id/geography/administration/nmd/E07000156,Wellingborough,81,83,69,68,63,71,62,48,60,50,26,56,48,57,51,53,40,40,47,51,52,53,47,54,67,71,90,77
http://opendatacommunities.org/id/geography/administration/nmd/E07000241,Welwyn Hatfield,65,48,63,91,78,60,49,51,40,52,50,51,53,57,46,60,53,53,43,61,44,50,45,50,50,62,60,48
http://opendatacommunities.org/id/geography/administration/nmd/E07000047,West Devon,"",7,"",6,7,10,8,"",9,11,8,16,13,12,6,9,16,19,8,14,23,10,11,18,11,17,10,8
http://opendatacommunities.org/id/geography/administration/nmd/E07000052,West Dorset,30,20,31,27,31,23,26,15,19,16,20,17,20,24,21,26,15,14,11,16,17,11,20,12,14,32,21,23
http://opendatacommunities.org/id/geography/administration/nmd/E07000127,West Lancashire,31,34,45,34,35,35,25,44,26,34,14,17,17,21,11,8,9,11,10,9,15,17,13,15,18,31,5,16
http://opendatacommunities.org/id/geography/administration/nmd/E07000142,West Lindsey,15,7,7,7,6,5,11,9,6,15,16,7,13,17,18,14,22,17,17,24,25,33,20,23,26,26,16,19
http://opendatacommunities.org/id/geography/administration/nmd/E07000181,West Oxfordshire,"",11,7,16,10,13,11,14,9,13,11,19,14,16,19,18,13,18,27,19,17,12,28,49,52,58,51,63
http://opendatacommunities.org/id/geography/administration/nmd/E07000191,West Somerset,53,38,31,52,38,54,42,30,43,41,28,32,33,34,30,27,15,18,12,17,12,9,18,14,17,7,8,16
http://opendatacommunities.org/id/geography/administration/lonb/E09000033,Westminster,222,251,256,148,214,283,254,351,312,252,303,295,221,261,234,262,261,229,234,232,262,247,221,220,226,227,142,189
http://opendatacommunities.org/id/geography/administration/nmd/E07000053,Weymouth and Portland,14,16,17,26,9,13,17,22,27,36,19,32,30,41,28,31,34,44,34,27,26,28,32,29,40,41,53,33
http://opendatacommunities.org/id/geography/administration/md/E08000010,Wigan,134,160,154,157,178,142,168,126,156,133,120,130,116,87,78,111,99,116,101,124,102,98,104,73,90,54,87,104
http://opendatacommunities.org/id/geography/administration/nmd/E07000094,Winchester,11,13,14,14,16,16,11,15,15,13,21,13,14,28,16,14,16,12,19,11,23,15,18,13,9,19,14,19
http://opendatacommunities.org/id/geography/administration/md/E08000015,Wirral,51,59,47,55,72,79,73,81,72,80,76,60,58,48,53,73,55,38,44,59,29,41,30,44,51,37,62,61
http://opendatacommunities.org/id/geography/administration/nmd/E07000217,Woking,"",9,14,9,9,8,13,11,7,"",14,14,9,19,30,17,16,15,15,25,19,23,26,16,21,15,30,24
http://opendatacommunities.org/id/geography/administration/md/E08000031,Wolverhampton,225,155,169,205,215,216,210,181,205,173,167,142,202,192,174,159,165,156,180,198,192,233,205,205,226,211,198,242
http://opendatacommunities.org/id/geography/administration/nmd/E07000237,Worcester,123,149,140,172,138,138,98,131,109,131,103,128,126,152,140,107,78,106,71,77,76,65,70,132,108,118,59,73
http://opendatacommunities.org/id/geography/administration/nmd/E07000229,Worthing,6,5,6,9,7,8,7,"","",5,"","","","",17,9,11,9,10,32,39,79,59,59,27,37,26,16
http://opendatacommunities.org/id/geography/administration/nmd/E07000238,Wychavon,50,69,84,88,76,84,68,59,55,55,67,83,57,61,63,51,34,43,57,85,70,65,71,64,57,74,68,33
http://opendatacommunities.org/id/geography/administration/nmd/E07000007,Wycombe,48,48,41,29,47,34,42,46,69,38,30,26,48,45,57,54,61,47,55,84,74,57,88,63,50,55,57,46
http://opendatacommunities.org/id/geography/administration/nmd/E07000128,Wyre,10,18,8,20,15,7,16,"",10,9,8,7,8,"","","","",7,5,"",10,10,10,17,11,6,8,""
http://opendatacommunities.org/id/geography/administration/nmd/E07000239,Wyre Forest,55,48,46,77,59,78,50,58,47,72,60,57,56,48,93,92,83,75,36,68,59,64,54,56,55,53,53,46
